                  epoch,         train/box_loss,         train/cls_loss,         train/dfl_loss,   metrics/precision(B),      metrics/recall(B),       metrics/mAP50(B),    metrics/mAP50-95(B),           val/box_loss,           val/cls_loss,           val/dfl_loss,                 lr/pg0,                 lr/pg1,                 lr/pg2
                      1,                 1.0439,                0.90227,                 1.5604,                0.91127,                0.83529,                0.92914,                0.71743,                0.92283,                0.70137,                 1.4883,             0.00047052,             0.00047052,             0.00047052
                      2,                  1.014,                0.89225,                 1.5536,                0.94636,                0.79607,                0.91813,                0.71104,                0.92753,                  0.734,                  1.503,             0.00075938,             0.00075938,             0.00075938
                      3,                 1.0256,                0.87474,                 1.5674,                0.92882,                0.82349,                0.92831,                0.71915,                0.90727,                0.69234,                 1.4778,             0.00085961,             0.00085961,             0.00085961
                      4,                  1.018,                0.89688,                 1.5573,                 0.9292,                0.83545,                0.93116,                0.72516,                0.89137,                0.67793,                 1.4696,             0.00058017,             0.00058017,             0.00058017
                      5,                 1.0078,                0.84972,                  1.537,                0.92047,                0.84591,                 0.9385,                 0.7457,                0.85615,                0.64193,                 1.4376,             0.00029723,             0.00029723,             0.00029723
