                  epoch,         train/box_loss,         train/cls_loss,         train/dfl_loss,   metrics/precision(B),      metrics/recall(B),       metrics/mAP50(B),    metrics/mAP50-95(B),           val/box_loss,           val/cls_loss,           val/dfl_loss,                 lr/pg0,                 lr/pg1,                 lr/pg2
                      1,                 1.0863,                 1.0524,                 1.6369,                0.89272,                 0.8045,                0.90067,                0.70293,                 0.9579,                0.78322,                 1.5447,             0.00047059,             0.00047059,             0.00047059
                      2,                 1.1035,                 1.0118,                 1.6489,                0.88303,                0.80182,                0.90206,                0.69163,                0.96442,                0.79016,                 1.5466,             0.00075944,             0.00075944,             0.00075944
                      3,                 1.0851,                 1.0019,                 1.6354,                0.90636,                0.77556,                0.88873,                0.67314,                  1.023,                0.83791,                 1.6023,             0.00085965,             0.00085965,             0.00085965
                      4,                 1.1031,                 1.0292,                 1.6636,                 0.8995,                0.78699,                0.90177,                 0.6966,                0.93476,                0.79712,                 1.5364,             0.00058017,             0.00058017,             0.00058017
                      5,                 1.0667,                0.97214,                  1.611,                 0.8913,                0.79765,                0.90923,                0.71868,                0.88715,                0.74943,                 1.4859,             0.00029723,             0.00029723,             0.00029723
